tipo_id,fecha,valor
2,2024-01-01,1000.0
2,2024-01-02,1010.0
2,2024-01-03,1025.0
2,2024-01-04,1020.0
2,2024-01-05,1050.0
2,2024-01-06,1045.0
2,2024-01-07,1060.0
2,2024-01-08,1080.0
2,2024-01-09,1100.0
2,2024-01-10,1120.0
1,2024-01-01,870.0
1,2024-01-02,875.0
1,2024-01-03,880.0
1,2024-01-04,885.0
1,2024-01-05,890.0
1,2024-01-06,895.0
1,2024-01-07,900.0
1,2024-01-08,905.0
1,2024-01-09,910.0
1,2024-01-10,915.0
3,2024-01-01,980.0
3,2024-01-02,985.0
3,2024-01-03,990.0
3,2024-01-04,995.0
3,2024-01-05,1000.0
3,2024-01-06,1005.0
3,2024-01-07,1010.0
3,2024-01-08,1015.0
3,2024-01-09,1020.0
3,2024-01-10,1025.0
